{"name":"a3ed1d68-7d9f-4344-a226-24a20d10c8e9","id":"/providers/Microsoft.Flow/flows/a3ed1d68-7d9f-4344-a226-24a20d10c8e9","type":"Microsoft.Flow/flows","properties":{"apiId":"/providers/Microsoft.PowerApps/apis/shared_logicflows","displayName":"GFcnpj","definition":{"metadata":{"workflowEntityId":null,"processAdvisorMetadata":null,"flowChargedByPaygo":null,"flowclientsuspensionreason":"None","flowclientsuspensiontime":null,"flowclientsuspensionreasondetails":null,"creator":{"id":"d405a96c-de57-490f-8ff7-7605ea63459e","type":"User","tenantId":"ff9c7474-421d-4957-8d47-c4b64dec87b5"},"provisioningMethod":"FromDefinition","failureAlertSubscription":true,"clientLastModifiedTime":"2023-10-02T16:24:24.6034458Z"},"$schema":"https://schema.management.azure.com/providers/Microsoft.Logic/schemas/2016-06-01/workflowdefinition.json#","contentVersion":"1.0.0.0","parameters":{"$connections":{"defaultValue":{},"type":"Object"},"$authentication":{"defaultValue":{},"type":"SecureObject"}},"triggers":{"manual":{"metadata":{"operationMetadataId":"d681ea3e-5b32-41d4-800c-917bd9824427"},"type":"Request","kind":"PowerAppV2","inputs":{"schema":{"type":"object","properties":{"text":{"title":"par_cnpj","type":"string","x-ms-dynamically-added":true,"description":"Please enter your input","x-ms-content-hint":"TEXT"}},"required":["text"]}}}},"actions":{"Respond_to_a_PowerApp_or_flow_true":{"runAfter":{"Parse_JSON":["Succeeded"]},"metadata":{"operationMetadataId":"f7a47771-3223-4d3b-a948-1e716aa0cb1f"},"type":"Response","kind":"PowerApp","inputs":{"statusCode":200,"body":{"var_nome":"@body('Parse_JSON')?['nome']","var_nomefantasia":"@body('Parse_JSON')?['fantasia']","var_logradouro":"@{body('Parse_JSON')?['logradouro']}  - @{body('Parse_JSON')?['numero']} - @{body('Parse_JSON')?['municipio']} - @{body('Parse_JSON')?['bairro']} - @{body('Parse_JSON')?['uf']} - @{body('Parse_JSON')?['cep']}","var_email":"@body('Parse_JSON')?['email']","var_status":"@body('Parse_JSON')?['status']","var_atividade":"@{body('Parse_JSON')?['atividade_principal']}","var_status_1":"1","var_cnpj":"@body('Parse_JSON')?['cnpj']"},"schema":{"type":"object","properties":{"var_nome":{"title":"var_nome","x-ms-dynamically-added":true,"type":"string"},"var_nomefantasia":{"title":"var_nomefantasia","x-ms-dynamically-added":true,"type":"string"},"var_logradouro":{"title":"var_logradouro","x-ms-dynamically-added":true,"type":"string"},"var_email":{"title":"var_email","x-ms-dynamically-added":true,"type":"string"},"var_status":{"title":"var_status","x-ms-dynamically-added":true,"type":"string"},"var_atividade":{"title":"var_atividade","x-ms-dynamically-added":true,"type":"string"},"var_status_1":{"title":"var_status","x-ms-dynamically-added":true,"type":"string"},"var_cnpj":{"title":"var_cnpj","x-ms-dynamically-added":true,"type":"string"}}}}},"Upload_file_from_URL":{"runAfter":{"varCaminhoArquivo":["Succeeded"]},"metadata":{"operationMetadataId":"e3efa3ad-7832-4505-b9ce-dfdcae6b789d"},"type":"OpenApiConnection","inputs":{"host":{"apiId":"/providers/Microsoft.PowerApps/apis/shared_onedriveforbusiness","connectionName":"shared_onedriveforbusiness","operationId":"CopyFile"},"parameters":{"source":"https://receitaws.com.br/v1/cnpj/@{triggerBody()['text']}","destination":"jsondata@{variables('varNomeArquivo')}.json","overwrite":false},"authentication":"@parameters('$authentication')"}},"varNomeArquivo":{"runAfter":{},"metadata":{"operationMetadataId":"31274037-bdda-4fc6-acc2-bbf00919ab90"},"type":"InitializeVariable","inputs":{"variables":[{"name":"varNomeArquivo","type":"string","value":"@{guid()}"}]}},"Parse_JSON":{"runAfter":{"Compose":["Succeeded"]},"metadata":{"operationMetadataId":"454c8986-7744-40f4-988c-db9fe48189e0"},"type":"ParseJson","inputs":{"content":"@decodeBase64(outputs('Compose'))","schema":{"type":"object","properties":{"abertura":{"type":"string"},"situacao":{"type":"string"},"tipo":{"type":"string"},"nome":{"type":"string"},"fantasia":{"type":"string"},"porte":{"type":"string"},"natureza_juridica":{"type":"string"},"atividade_principal":{"type":"array","items":{"type":"object","properties":{"code":{"type":"string"},"text":{"type":"string"}},"required":["code","text"]}},"atividades_secundarias":{"type":"array","items":{"type":"object","properties":{"code":{"type":"string"},"text":{"type":"string"}},"required":["code","text"]}},"logradouro":{"type":"string"},"numero":{"type":"string"},"municipio":{"type":"string"},"bairro":{"type":"string"},"uf":{"type":"string"},"cep":{"type":"string"},"email":{"type":"string"},"telefone":{"type":"string"},"data_situacao":{"type":"string"},"cnpj":{"type":"string"},"ultima_atualizacao":{"type":"string"},"status":{"type":"string"},"complemento":{"type":"string"},"efr":{"type":"string"},"motivo_situacao":{"type":"string"},"situacao_especial":{"type":"string"},"data_situacao_especial":{"type":"string"},"capital_social":{"type":"string"},"qsa":{"type":"array"},"extra":{"type":"object","properties":{}},"billing":{"type":"object","properties":{"free":{"type":"boolean"},"database":{"type":"boolean"}}}}}}},"varCaminhoArquivo":{"runAfter":{"varNomeArquivo":["Succeeded"]},"metadata":{"operationMetadataId":"6c4f24ba-5337-42ba-9e6d-93441c08eb96"},"type":"InitializeVariable","inputs":{"variables":[{"name":"varCaminhoArquivo","type":"string","value":"/jsondata@{variables('varNomeArquivo')}.json"}]}},"Get_file_content_using_path":{"runAfter":{"Upload_file_from_URL":["Succeeded"]},"metadata":{"operationMetadataId":"ea02aff4-4a9a-424e-beb5-b122072f911d"},"type":"OpenApiConnection","inputs":{"host":{"apiId":"/providers/Microsoft.PowerApps/apis/shared_onedriveforbusiness","connectionName":"shared_onedriveforbusiness","operationId":"GetFileContentByPath"},"parameters":{"path":"@variables('varCaminhoArquivo')","inferContentType":true},"authentication":"@parameters('$authentication')"}},"Compose":{"runAfter":{"Get_file_content_using_path":["Succeeded"]},"metadata":{"operationMetadataId":"c01ad125-0c5a-438b-9303-94077f7345df"},"type":"Compose","inputs":"@outputs('Get_file_content_using_path')?['body']?['$content']"},"Respond_to_a_PowerApp_or_flow_false":{"runAfter":{"Parse_JSON":["Failed","Skipped","TimedOut"]},"metadata":{"operationMetadataId":"f7a47771-3223-4d3b-a948-1e716aa0cb1f"},"type":"Response","kind":"PowerApp","inputs":{"statusCode":200,"body":{"var_nome":"@{null}","var_nomefantasia":"@{null}","var_logradouro":"@{null}","var_email":"@{null}","var_status":"@{null}","var_atividade":"@{null}","var_status_1":"0","var_cnpj":"@{null}"},"schema":{"type":"object","properties":{"var_nome":{"title":"var_nome","x-ms-dynamically-added":true,"type":"string"},"var_nomefantasia":{"title":"var_nomefantasia","x-ms-dynamically-added":true,"type":"string"},"var_logradouro":{"title":"var_logradouro","x-ms-dynamically-added":true,"type":"string"},"var_email":{"title":"var_email","x-ms-dynamically-added":true,"type":"string"},"var_status":{"title":"var_status","x-ms-dynamically-added":true,"type":"string"},"var_atividade":{"title":"var_atividade","x-ms-dynamically-added":true,"type":"string"},"var_status_1":{"title":"var_status","x-ms-dynamically-added":true,"type":"string"},"var_cnpj":{"title":"var_cnpj","x-ms-dynamically-added":true,"type":"string"}}}}},"Delete_file":{"runAfter":{"Respond_to_a_PowerApp_or_flow_false":["Succeeded"],"Respond_to_a_PowerApp_or_flow_true":["Succeeded"]},"metadata":{"operationMetadataId":"83c33cd6-9695-44d4-bfc3-488cf489f873"},"type":"OpenApiConnection","inputs":{"host":{"apiId":"/providers/Microsoft.PowerApps/apis/shared_onedriveforbusiness","connectionName":"shared_onedriveforbusiness","operationId":"DeleteFile"},"parameters":{"id":"@variables('varCaminhoArquivo')"},"authentication":"@parameters('$authentication')"}}},"outputs":{}},"connectionReferences":{"shared_onedriveforbusiness":{"connectionName":"2c7a324b3e9e4abcb03ef7e2dcfdfb43","source":"Embedded","id":"/providers/Microsoft.PowerApps/apis/shared_onedriveforbusiness","tier":"NotSpecified"}},"flowFailureAlertSubscribed":false,"isManaged":false}}