{"name":"6299a889-a5dd-426a-9fcd-4e9541a6c8aa","id":"/providers/Microsoft.Flow/flows/6299a889-a5dd-426a-9fcd-4e9541a6c8aa","type":"Microsoft.Flow/flows","properties":{"apiId":"/providers/Microsoft.PowerApps/apis/shared_logicflows","displayName":"CriarColecao","definition":{"metadata":{"workflowEntityId":null,"processAdvisorMetadata":null,"flowChargedByPaygo":null,"flowclientsuspensionreason":"None","flowclientsuspensiontime":null,"flowclientsuspensionreasondetails":null,"creator":{"id":"d405a96c-de57-490f-8ff7-7605ea63459e","type":"User","tenantId":"ff9c7474-421d-4957-8d47-c4b64dec87b5"},"provisioningMethod":"FromDefinition","failureAlertSubscription":true,"clientLastModifiedTime":"2023-10-03T11:37:13.0206564Z"},"$schema":"https://schema.management.azure.com/providers/Microsoft.Logic/schemas/2016-06-01/workflowdefinition.json#","contentVersion":"1.0.0.0","parameters":{"$connections":{"defaultValue":{},"type":"Object"},"$authentication":{"defaultValue":{},"type":"SecureObject"}},"triggers":{"manual":{"metadata":{"operationMetadataId":"47ef78cf-c4e7-428f-88c7-ae8c80347cd2"},"type":"Request","kind":"PowerAppV2","inputs":{"schema":{"type":"object","properties":{"text":{"title":"parCentro","type":"string","x-ms-dynamically-added":true,"description":"Insira sua entrada","x-ms-content-hint":"TEXT"},"text_1":{"title":"parLista","type":"string","x-ms-dynamically-added":true,"description":"Insira sua entrada","x-ms-content-hint":"TEXT"},"text_2":{"title":"parCampos","type":"string","x-ms-dynamically-added":true,"description":"Insira sua entrada","x-ms-content-hint":"TEXT"},"text_3":{"title":"parConsulta","type":"string","x-ms-dynamically-added":true,"description":"Insira sua entrada","x-ms-content-hint":"TEXT"}},"required":["text","text_1","text_2","text_3"]}}}},"actions":{"getIDMenor":{"runAfter":{},"metadata":{"operationMetadataId":"cf6f5365-9f9a-4776-819d-f88bc9c21911"},"type":"OpenApiConnection","inputs":{"host":{"apiId":"/providers/Microsoft.PowerApps/apis/shared_sharepointonline","connectionName":"shared_sharepointonline","operationId":"HttpRequest"},"parameters":{"dataset":"https://bat.sharepoint.com/sites/PILARPMDIGITALAPPS/md","parameters/method":"GET","parameters/uri":"_api/Web/Lists/GetByTitle('@{triggerBody()['text_1']}')/Items?$select=ID&$filter=ID gt 0&$top=1&$orderby=ID asc","parameters/headers":{"accept":"application/json; odata=nometadata"}},"authentication":"@parameters('$authentication')"}},"getIDMaior":{"runAfter":{"getIDMenor":["Succeeded"]},"metadata":{"operationMetadataId":"47833077-13da-4b27-9e5b-a9188d78aa6f"},"type":"OpenApiConnection","inputs":{"host":{"apiId":"/providers/Microsoft.PowerApps/apis/shared_sharepointonline","connectionName":"shared_sharepointonline","operationId":"HttpRequest"},"parameters":{"dataset":"https://bat.sharepoint.com/sites/PILARPMDIGITALAPPS/md","parameters/method":"GET","parameters/uri":"_api/Web/Lists/GetByTitle('@{triggerBody()['text_1']}')/Items?$select=ID&$filter=ID gt 0&$top=1&$orderby=ID desc","parameters/headers":{"accept":"application/json; odata=nometadata"}},"authentication":"@parameters('$authentication')"}},"IDMaior":{"runAfter":{"IDMenor":["Succeeded"]},"metadata":{"operationMetadataId":"a1728b41-a49c-4d4e-9635-9245870373a6"},"type":"InitializeVariable","inputs":{"variables":[{"name":"IDMaior","type":"integer","value":"@body('getIDMaior')?['value'][0]['ID']"}]}},"IDMenor":{"runAfter":{"getIDMaior":["Succeeded"]},"metadata":{"operationMetadataId":"f6f5934c-e845-4ada-bbcc-20f4a260530e"},"type":"InitializeVariable","inputs":{"variables":[{"name":"IDMenor","type":"integer","value":"@body('getIDMenor')?['value'][0]['ID']"}]}},"NumeroLoops":{"runAfter":{"varJSON":["Succeeded"]},"metadata":{"operationMetadataId":"dd02b9b5-3ebd-49f6-b7e9-ba38112d8dc8"},"type":"Compose","inputs":"@add(div(sub(variables('IDMaior'),variables('IDMenor')),25000),sub(1,mod(div(sub(variables('IDMaior'),variables('IDMenor')),25000),1)))"},"Cada_Loop":{"foreach":"@range(1,outputs('NumeroLoops'))","actions":{"Cada_Thread":{"foreach":"@variables('threads')","actions":{"MenorID":{"runAfter":{},"metadata":{"operationMetadataId":"1fdbf0ce-7411-44eb-9c62-a9c372bd3e20"},"type":"Compose","inputs":"@add(variables('IDMenor'),mul(5000,item()))"},"MaiorID":{"runAfter":{"MenorID":["Succeeded"]},"metadata":{"operationMetadataId":"3ce4cdac-a399-424f-909a-08b4bd5a21cd"},"type":"Compose","inputs":"@add(variables('IDMenor'),mul(5000,add(item(),1)))"},"MenorIDvsIDMaior":{"actions":{"consultaSharepoint":{"runAfter":{},"metadata":{"operationMetadataId":"6a5c3021-d890-4dc4-b4a3-aad3afe2accd"},"type":"OpenApiConnection","inputs":{"host":{"apiId":"/providers/Microsoft.PowerApps/apis/shared_sharepointonline","connectionName":"shared_sharepointonline","operationId":"HttpRequest"},"parameters":{"dataset":"https://bat.sharepoint.com/sites/PILARPMDIGITALAPPS/md","parameters/method":"GET","parameters/uri":"_api/Web/Lists/GetByTitle('@{triggerBody()['text_1']}')/Items?$select=ID,@{triggerBody()['text_2']}&$filter=ID ge @{outputs('MenorID')} and ID lt @{outputs('MaiorID')} and Centro eq '@{triggerBody()['text']}'@{triggerBody()['text_3']}&$top=5000","parameters/headers":{"accept":"application/json; odata=nometadata","Accept-Encoding":"deflate, gzip"}},"authentication":"@parameters('$authentication')"}},"Adicionar_varJSON":{"runAfter":{"consultaSharepoint":["Succeeded"]},"metadata":{"operationMetadataId":"d3adb25f-d03c-4a3a-a113-ec163d849a52"},"type":"AppendToStringVariable","inputs":{"name":"varJSON","value":"@outputs('consultaSharepoint')?['body/value']"}}},"runAfter":{"MaiorID":["Succeeded"]},"expression":{"less":["@outputs('MenorID')","@variables('IDMaior')"]},"metadata":{"operationMetadataId":"7dcb701d-7d84-43df-ac74-b1b9b8171ec2"},"type":"If"}},"runAfter":{},"metadata":{"operationMetadataId":"b021c4c3-9acd-4236-bb7e-c6ce5ac33976"},"type":"Foreach","runtimeConfiguration":{"concurrency":{"repetitions":5}}},"IDMenorMais50000":{"runAfter":{"Cada_Thread":["Succeeded"]},"metadata":{"operationMetadataId":"c3f9062e-4a35-4f28-8922-787cb55eb85e"},"type":"IncrementVariable","inputs":{"name":"IDMenor","value":50000}}},"runAfter":{"NumeroLoops":["Succeeded"]},"metadata":{"operationMetadataId":"d81ddef4-d721-4a53-816f-448dcc824252"},"type":"Foreach"},"threads":{"runAfter":{"IDMaior":["Succeeded"]},"metadata":{"operationMetadataId":"556d7b6e-cb07-445d-8f6a-fdf8d3dc88ab"},"type":"InitializeVariable","inputs":{"variables":[{"name":"threads","type":"array","value":[0,1,2,3,4]}]}},"varJSON":{"runAfter":{"threads":["Succeeded"]},"metadata":{"operationMetadataId":"77869504-abff-463e-8f40-0e8a171553df"},"type":"InitializeVariable","inputs":{"variables":[{"name":"varJSON","type":"string"}]}},"Substituir_varJSON":{"runAfter":{"Cada_Loop":["Succeeded"]},"metadata":{"operationMetadataId":"0cf2317c-439e-465e-9986-b2f6aa8324a6"},"type":"Compose","inputs":"@replace(variables('varJSON'),'}][{','},{')"},"JSON_varJSON":{"runAfter":{"Substituir_varJSON":["Succeeded"]},"metadata":{"operationMetadataId":"135126c7-8ff9-46b8-bc45-89b1472fa299"},"type":"ParseJson","inputs":{"content":"@outputs('Substituir_varJSON')","schema":{}}},"Uniao":{"runAfter":{"Selecionar_JSON":["Succeeded"]},"metadata":{"operationMetadataId":"20dc72c0-dce1-4cac-bdaf-21be34a3443a"},"type":"Compose","inputs":"@union(body('Selecionar_JSON'),body('Selecionar_JSON'))"},"Resposta":{"runAfter":{"Uniao":["Succeeded"]},"metadata":{"operationMetadataId":"0de69815-5fa5-4cd6-85b4-91756504fb70"},"type":"Response","kind":"Http","inputs":{"statusCode":200,"body":"@outputs('Uniao')","schema":{"type":"array","items":{"type":"object","properties":{"CentroTrabalho":{"type":"string"},"Equipamento":{"type":"integer"},"Denominacao_Equipamento":{"type":"string"},"CenTrabRes":{"type":"string"},"Ativo":{"type":"string"},"Local_Instalacao":{"type":"string"},"ID":{"type":"integer"},"Denominacao_Tipo":{"type":"string"}},"required":["CentroTrabalho","Equipamento","Denominacao_Equipamento","CenTrabRes","Ativo","Local_Instalacao","ID","Denominacao_Tipo"]}}}},"Selecionar_JSON":{"runAfter":{"JSON_varJSON":["Succeeded"]},"metadata":{"operationMetadataId":"eefcc1cb-ef5f-4c3d-9d79-fd10dfba8cb2"},"type":"Select","inputs":{"from":"@body('JSON_varJSON')","select":{"Local_Instalacao":"@slice(item()['Local_Instalacao'],5,9)","ID":"@item()['ID']","CentroTrabalho":"@item()['CentroTrabalho']","Equipamento":"@item()['Equipamento']","Denominacao_Equipamento":"@item()['Denominacao_Equipamento']","CenTrabRes":"@item()['CenTrabRes']","Denominacao_Tipo":"@item()['Denominacao_Tipo']"}}}}},"connectionReferences":{"shared_sharepointonline":{"connectionName":"shared-sharepointonl-c56622c6-99d7-40c2-a043-20123c248443","source":"Embedded","id":"/providers/Microsoft.PowerApps/apis/shared_sharepointonline","tier":"NotSpecified"}},"flowFailureAlertSubscribed":false,"isManaged":false}}